,target,extra_regressor,full_sample_r2,extra_coef,extra_pvalue,oos_mse,oos_mae,n_oos,dm_tstat,dm_pvalue,oos_mse_vs_vol_only_pct
0,future_rv,none,0.09364428697232174,,,0.05679002983210123,0.17927530719613027,45,,,0.0
1,future_rv,J,0.1360362422541873,0.2007145228574711,0.02954181335106115,0.061090532349143425,0.1936585431422299,45,-1.8092241426187334,0.070416188367687,7.572636481714423
2,future_rv,d_total,0.11041835504380548,-0.2899843390121578,0.19138858418290616,0.05711799086163836,0.1802296672957755,45,-0.3916975639604485,0.6952816901821256,0.5774975475567601
3,future_rv,h_dep,0.11722473646763942,-0.1820229924334681,0.04595812377075399,0.07928326496418164,0.22557912971254418,45,-1.3400348549013605,0.1802340135126983,39.60771846498636
4,future_rv,crisis,0.10187443207922697,0.015132001934844114,0.012430718470612313,0.05645526497795799,0.17847247128212998,45,1.6186961969975162,0.10551264554314532,-0.5894782149841515
5,future_rv,unhealed,0.11098534236733948,0.1342620895336138,0.1587544692676388,0.06436538102728308,0.19560890316441037,44,-4.48519160039902,7.284844322338824e-06,13.339227356594542
6,future_drawdown,none,0.04001644168796459,,,0.0005473627056522536,0.017947612041248586,45,,,0.0
7,future_drawdown,J,0.0403207427603286,0.0019503373715431926,0.8494412831470355,0.0006200888022962338,0.019548349122636265,45,-4.27668560100834,1.8969640987315266e-05,13.286637159051162
8,future_drawdown,d_total,0.05712199691461095,-0.03358496183336792,0.20259455007915683,0.0005450751113875997,0.0179398265300913,45,0.3144422302862337,0.75318518631037,-0.41793023913236915
9,future_drawdown,h_dep,0.040320066621649,0.0023688625091822847,0.8283115091897828,0.0006895286533247482,0.020849363640860246,45,-1.3248535024725587,0.18521974539543418,25.97289625406347
10,future_drawdown,crisis,0.040272268163585756,0.00030597526100253187,0.4411136041608593,0.0005463410708535602,0.017918292898487165,45,2.0270774650071823,0.042654491085253946,-0.18664676788235912
11,future_drawdown,unhealed,0.04826631501124845,0.010334690673659478,0.28739276346729903,0.0006668789876778952,0.020041076613475636,44,-5.993080730003978,2.05902569616699e-09,21.83493336164044
12,future_worst_loss,none,0.02762177987386749,,,6.239849318215525e-05,0.006226321480511189,45,,,0.0
13,future_worst_loss,J,0.05827119436175354,0.006315375961216675,0.12452635539472869,7.191440107054219e-05,0.006795591495418003,45,-2.279556041775688,0.0226340326007411,15.250220643322043
14,future_worst_loss,d_total,0.031324352060116856,-0.00504148124468326,0.6176432824961053,6.57827300499888e-05,0.006469979688250807,45,-2.126805304709894,0.03343626337154087,5.423587486246184
15,future_worst_loss,h_dep,0.03550345317518777,-0.0038941302181516855,0.31375109371734844,8.712354089780681e-05,0.007530684608924453,45,-1.3612761213248432,0.17342644616962,39.624430743020625
16,future_worst_loss,crisis,0.03235995553903237,0.0004248633471693147,0.03321210371515179,6.201001159652506e-05,0.006200854474860246,45,2.014425434003993,0.04396488626856914,-0.6225816775673132
17,future_worst_loss,unhealed,0.037955767687544384,0.0038559478555865888,0.25137507122573066,7.10174722348373e-05,0.00673082902924364,44,-3.0222577117800844,0.002508968447625727,13.812799978232327
