,channel,stress_mean,calm_mean,diff,p_value,n_stress,n_calm
0,h_vol,-18.263058749223966,-18.943506310802597,0.6804475615786316,0.2085,160,944
1,h_dep,-1.1760552022637891,-0.9850671956436954,-0.19098800662009374,0.174,160,944
2,h_dep_ew,-1.0573116432867393,-0.8314420565761194,-0.22586958671061996,0.064,160,944
3,h_cov,-19.439113951487755,-19.928573506446295,0.48945955495853966,0.2595,160,944
4,d_total,0.09091719353660058,0.08967109432408446,0.0012460992125161163,0.976,160,944
5,d_odd,0.016846525964634686,0.016665853902853783,0.0001806720617809031,0.974,160,944
6,d_even,0.0740706675719659,0.07300524042123069,0.0010654271507352098,0.9785,160,944
7,h_tot,-19.53003114502436,-20.018244600770377,0.48821345574601693,0.2935,160,944
8,J,1.14822883682334,0.9211131509002038,0.22711568592313613,0.034,160,944
9,skew_market,-0.2718366645437446,-0.29934257121831387,0.027505906674569258,0.8615,160,944
10,exkurt_market,0.8284806159941164,0.5263936701611601,0.30208694583295626,0.4065,160,944
11,mean_corr,0.6697140927768424,0.6114590418864737,0.05825505089036864,0.147,160,944
12,n_eff_modes,2.2746007469233898,2.480371059541691,-0.20577031261830125,0.164,160,944
13,tail_dep,0.5908564814814815,0.47230909783875885,0.11854738364272266,0.061,160,944
