,regime,pair,corr,sd_sum,sd_benchmark,var_reduction_pct,n
0,all,dh_vol vs dh_dep,-0.14744070596135003,0.09688884009063622,0.10375254635191417,12.79327339470676,7557
1,all,dh_cov vs -dD,-0.5705928154317027,0.08868185048137901,0.13530248037083428,57.040622744538624,7557
2,all,levels,,0.09688884009063624,0.08868185048137907,,7557
3,calm,dh_vol vs dh_dep,0.00214377320420778,0.08890148150152057,0.08881493627847709,-0.19498384715099792,6481
4,calm,dh_cov vs -dD,-0.5221667279501487,0.07959954909489729,0.11356256967353995,50.86954422684025,6481
5,calm,levels,,0.0889014815015204,0.07959954909489737,,6481
6,stress,dh_vol vs dh_dep,-0.4032637972166229,0.13125024952325207,0.15884801553208916,31.728933347090837,1076
7,stress,dh_cov vs -dD,-0.7117098653053672,0.12684888023438445,0.22320020942661695,67.70137158328393,1076
8,stress,levels,,0.13125024952325273,0.12684888023438445,,1076
