statistic,observed,null_mean,null_sd,null_q05,null_q95,p_greater,p_less,n_rep
n_jump_up,158.0,148.48,8.211378305031483,136.95,161.04999999999998,0.135,0.925,200
n_jump_down,9.0,2.995,1.7349423983602856,0.9500000000000012,6.0,0.005,1.0,200
jump_ratio_up_down,17.555555555555557,inf,,24.65833333333333,inf,0.995,0.005,200
mean_size_up,0.6216475618603958,1.1196309227985122,0.107850356184267,0.954963695667864,1.2935308270300123,1.0,0.0,200
max_size_up,3.2094760188885445,6.861278598577052,1.0407162973620363,4.974385079897398,8.166730437865054,1.0,0.0,200
skew_of_changes,12.2596912219424,14.797831688199569,1.6854546032075413,12.267473571770251,17.596986272687207,0.95,0.05,200
share_of_variance_up,0.8376035351561553,0.8993303696294376,0.0194909337304351,0.8693613857570107,0.9219146750084312,0.99,0.01,200
half_life_days,120.11933087886044,91.81600307122156,6.49207999478928,82.25941103016238,102.64338779700368,0.0,1.0,200
kappa,0.0057704881927704,0.0075863579581966,0.0005295482095853,0.0067529749779315,0.0084263585708674,1.0,0.0,200
sd_J,2.030457016271812,1.545742708353431,0.1618938755303381,1.3111466858243093,1.8114008312794123,0.01,0.99,200
range_J,18.95280464319857,10.052340961673336,1.3879563889641198,8.053071576562758,12.8804387740343,0.0,1.0,200
H1_J_stress_minus_calm,2.8894891147893187,2.182252185061462,0.3273645702905191,1.7127428374553428,2.7154387815084875,0.02,0.98,200
H1_hdep_stress_minus_calm,-1.7201334498120349,-0.2252650111968667,0.1223801358468318,-0.4075432091479525,-0.035942805661553,1.0,0.0,200
H1_D_stress_minus_calm,0.4812893860847569,1.2706789566468486,0.2409518139215635,0.921957109881372,1.6661293697370323,1.0,0.0,200
H2_corr_dhvol_dhdep_all,0.0977710290737264,0.2291509069393526,0.2638145728894149,-0.2575755358855577,0.6037286858192537,0.705,0.295,200
H2_corr_dhvol_dhdep_stress,-0.4014166278073195,-0.1412592164925807,0.4583996901654301,-0.6953832380140837,0.5496673242689502,0.55,0.45,200
H2_beta_all,-0.060732875541907,-0.126374325149884,0.1410507808783454,-0.3369570839543353,0.11597875358256,0.305,0.695,200
H2_beta_stress,0.1931486597492376,0.04307188049561,0.2172972293941109,-0.3099838978259631,0.306408345999865,0.385,0.615,200
H5_dskew_on_jump_minus_else,-0.052968631579838,-0.0112776628567419,0.0499405096020042,-0.088457377896445,0.0695549152801454,0.825,0.175,200
H5_corr_dJ_dskew,-0.2432712475691059,-0.0346773609899155,0.1601327415779614,-0.2976709970335708,0.2300594599088002,0.9,0.1,200
H6_corr_dep_shape_stress,0.6618264214675225,0.8984719647421753,0.0272161157122046,0.8512213553077618,0.9327559748633244,1.0,0.0,200
H6_corr_dep_shape_calm,0.04446381251686,0.1309031266942649,0.0482221082004471,0.0464589737558569,0.2107355212658024,0.955,0.045,200
H6_coupling_gap,0.6173626089506624,0.7675688380479103,0.054697941972729,0.67578475610662,0.8606426840250384,0.99,0.01,200
corr_J_logvol,0.4612548657333931,0.4137510804014201,0.0337777276872865,0.3589289220504293,0.4655218908780514,0.08,0.92,200
H8_n_episodes,65.0,72.97,4.275570431248071,66.0,81.0,0.98,0.03,200
H8_share_dependence_dominant,0.4615384615384615,0.2593106180805203,0.0465285523455778,0.18303457106274,0.3335416666666665,0.0,1.0,200
H8_share_even_dominant,0.5384615384615384,0.7366402794345592,0.0468409602060155,0.6621526456033499,0.8169014084507042,1.0,0.0,200
H8_share_odd_dominant,0.0,0.0040491024849205,0.0072335059752186,0.0,0.0149253731343283,1.0,0.735,200
H8_mean_share_dependence,0.4116907377441032,0.3619835753875379,0.388272648286758,0.0310888882753011,0.6021423320109118,0.205,0.795,200
H8_sd_share_dependence,0.8304389661297973,1.3783820277055023,3.216178134264403,0.3034882665590761,3.9936804438228,0.315,0.685,200
H8_top_episode_share_dependence,0.4500789260320564,0.3315131990437184,0.0528730197417738,0.2504081344045967,0.4195820845222439,0.015,0.985,200
H8_top_episode_is_dependence_dominant,0.0,0.01,0.0997484272744116,0.0,0.0,1.0,0.99,200
H8_corr_dJ_share_dependence,0.0313569807620921,-0.0229036910725399,0.1153292624020768,-0.1961586569080844,0.1639356449079396,0.335,0.665,200
