distribution,skewness,excess_kurtosis,J_true_vasicek,J_edgeworth,J_hyvarinen,edgeworth_ratio,hyvarinen_ratio
Gaussian,-0.00269915523315263,0.029942215738181233,0.011751365826684124,1.9284959150050183e-05,1.2407852168207938e-05,0.0016410823588062706,0.0010558646842593492
Uniform,0.0007667877267796617,-1.204154693516819,0.17897904321184877,0.030208143286922003,0.06520731779672204,0.16878033732232045,0.36432934619914864
Skew-normal (a=-4),-0.7958235559877505,0.6688368054031208,0.07391036239451165,0.06209756669420426,0.04875136517496453,0.8401740254329403,0.6596012195792541
Laplace,-0.013671769541804383,2.9479399803374964,0.08655686347185343,0.18106453743337195,0.08676716760153032,2.0918564995397566,1.0024296643991182
Student t(8),-0.017165306905544218,1.6335280665615786,0.030186957917571533,0.05561651115185531,0.0162244382311312,1.8424019837878889,0.5374651621217889
Student t(5),0.0973972156775096,5.131304467877481,0.06095629798796676,0.5493381335947151,0.05171290195441748,9.011999608361364,0.8483602787791674
Student t(4),-0.0027433578286566993,18.338482144429502,0.10233272980730024,7.006249113866842,0.10458143030219504,68.46537883881436,1.0219744015343797
Lognormal (s=0.5),1.756408790660277,5.782074650002615,0.20247126290737194,0.9535890545382844,0.16740830671813683,4.7097501188331075,0.8268250235329644
Exponential,2.0045967565165985,6.108676062029602,0.4243951490414518,1.1122824136616865,0.2678850318558016,2.620865050352041,0.6312160552750251
